Criterioaan,Priority Weight
풍속,0.31150036472322296
풍향 일관성,0.23260693980048947
도로와의 거리,0.16563261258081285
경사도,0.15088391320611289
고도,0.13937616968936184
