metric,value
lambda_max,5.261317635708963
CI,0.0653294089272407
RI,1.12
CR,0.058329829399322054
